2,Oliver Jones,oliver.jones@hotmail.com,pass456,0
3,Ava Rodriguez,ava.rodriguez@gmail.com,pass789,0
5,Mia Chen,mia.chen@gmail.com,pass202,0
6,Liam Wilson,liam.wilson@hotmail.com,pass303,0
7,Sophia Davis,sophia.davis@gmail.com,pass404,0
8,Logan Taylor,logan.taylor@hotmail.com,pass505,0
9,Chloe Clark,chloe.clark@gmail.com,pass606,0
10,Noah Wright,noah.wright@hotmail.com,pass707,0
11,Lily Scott,lily.scott@gmail.com,pass808,0
12,Ethan Baker,ethan.baker@hotmail.com,pass909,0
13,Emily Green,emily.green@gmail.com,pass1010,0
14,Mason Adams,mason.adams@hotmail.com,pass1111,0
15,Avery Perez,avery.perez@gmail.com,pass1212,0
16,Aiden Turner,aiden.turner@hotmail.com,pass1313,0
17,Harper Collins,harper.collins@gmail.com,pass1414,0
18,Lucas Mitchell,lucas.mitchell@hotmail.com,pass1515,0
19,Isabella Carter,isabella.carter@gmail.com,pass1616,0
20,Olivia Baker,olivia.baker@hotmail.com,pass1717,0
21,Aiden Parker,aiden.parker@gmail.com,pass1818,0
22,Amelia Allen,amelia.allen@hotmail.com,pass1919,0
23,Landon Wood,landon.wood@gmail.com,pass2020,0
24,Sophie Reyes,sophie.reyes@hotmail.com,pass2121,0
25,Nathan Cooper,nathan.cooper@gmail.com,pass2222,0
26,Aaliyah Rodriguez,aaliyah.rodriguez@hotmail.com,pass2323,0
27,Michael Stewart,michael.stewart@gmail.com,pass2424,0
28,Charlotte Wright,charlotte.wright@hotmail.com,pass2525,0
29,Elijah Foster,elijah.foster@gmail.com,pass2626,0
30,Madison Collins,madison.collins@hotmail.com,pass2727,0
31,Carter Diaz,carter.diaz@gmail.com,pass2828,0
32,Grace Bailey,grace.bailey@hotmail.com,pass2929,0
33,Caleb Ward,caleb.ward@gmail.com,pass3030,0
34,Sofia Coleman,sofia.coleman@hotmail.com,pass3131,0
35,Owen Sanders,owen.sanders@gmail.com,pass3232,0
36,Victoria West,victoria.west@hotmail.com,pass3333,0
37,Jack Nelson,jack.nelson@gmail.com,pass3434,0
38,Julia Collins,julia.collins@hotmail.com,pass3535,0
39,Cameron Baker,cameron.baker@gmail.com,pass3636,0
40,Avery Carter,avery.carter@hotmail.com,pass3737,0
41,David Mitchell,david.mitchell@gmail.com,pass3838,0
42,Lily Walker,lily.walker@hotmail.com,pass3939,0
43,Logan Davis,logan.davis@gmail.com,pass4040,0
